Linea,VentaSinIVA
Blusa,1182966155
Jean,926626317
Vestido,339217611
Pantalon,313620407
Camisetas,266660013
Body,197456757
Short,197151805
Chaqueta,179497931
Tenis,178792137
Enterizo,178668942
Bluson,173988284
Blazer,172953628
Accesorio,157478784
Falda,133523326
Leggings,103062362
Manos Libres,88805143
Bisuteria,79123967
Sandalia Plataforma,77997812
Conjunto,76479300
Buzo,74968052
Chaleco,66089204
Sandalia Plantisuela,61843822
Gaban,56821631
Bolso De Hombro,53018978
Sobretodo,52038055
Botin,51539753
Merchan,51315955
Sandalia Tacon,51054281
Cinturon,44829558
Bolso De Mano,43158198
Zapato Cerrado,32958649
Bota Media Caña,31487680
Camisas,27320165
Polos,23820168
Bota Caña Alta,22556298
Zapato Zueco,15204011
Sobre,11720297
Pantalonesh,11689362
Canguro,10584787
Estilo De Vida,9993465
Jeansh,9770106
Poncho,9020920
Calzadoh,8830110
Top,8454001
Busoh,6658291
Blazerh,6353680
Ropa Interior,6007286
Bermudash,5925524
Panty,5547815
Alpargata,5011054
Entero,4714033
Chaquetash,3571719
Maleta,3007571
Vestidos De Bano Entero,1916329
Abrigos,1326841
Cintura,844664
Vestidos De Bano Top,827327
Sandalia Plana Forma,776193
Calzado,641227
Vestido De Bano Panty,638330
Maletin De Hombro,630834
Gabardina,485579
Maletin De Mano,394281
Bailarina,349791
Enterizo Pantalon,209929
Sacosh,192940
Camison,104915
Bata,87277
Interiorh,66889
Pantaloneta De Baño,58740
Cadera,4118
Pijamas,0
